<?xml version="1.0"?>
<xsd:schema xmlns:xsd="http://www.w3.org/2000/10/XMLSchema">
	<!-- The type "addressBookType" will be defined as a complexType called addressBookType -->
	<xsd:element name="address_book" type="addressBookType"></xsd:element>
	<!-- addressBookType contains the element "record" which is unbounded in occurance -->
	<xsd:complexType name="addressBookType">
		<xsd:sequence>
			<xsd:element name="record" type="recordType" maxOccurs="unbounded"></xsd:element>
		</xsd:sequence>
	</xsd:complexType>
	<!-- recordType contains the elements "name", "address", "contact" and "comments"-->
	<!-- we use xsd:sequence to declare the order in which they will appear -->
	<xsd:complexType name="recordType">
		<xsd:sequence>
			<xsd:element ref="name" type="nameType"></xsd:element>
			<xsd:element ref="address" type="addressType"></xsd:element>
			<xsd:element ref="contact" type="contactType"></xsd:element>
			<xsd:element ref="comments" type="commentsType"></xsd:element>
			<xsd:attribute name="ID" type="xsd:string"></xsd:attribute>
		</xsd:sequence>
	</xsd:complexType>
	<!-- nameType contains the elements "first_name", "middle_name", "last_name", and "nick_name" -->
	<!-- we use xsd:sequence to declare the order in which they will appear -->
	<!-- each of these elements is type "xsd:string" -->
	<xsd:complexType name="nameType">
		<xsd:sequence>
			<xsd:element name="first_name" type="xsd:string"></xsd:element>
			<xsd:element name="middle_name" type="xsd:string"></xsd:element>
			<xsd:element name="last_name" type="xsd:string"></xsd:element>
			<xsd:element name="nick_name" type="xsd:string"></xsd:element>
		</xsd:sequence>
	</xsd:complexType>
	<!-- addressType contains the elements "home_phone", "work_phone", "cell_phone", "fax_number", and "email_address" -->
	<!-- we use xsd:sequence to declare the order in which they will appear -->
	<!-- each of these elements is type "xsd:string" -->
	<xsd:complexType name="addressType">
		<xsd:sequence>
			<xsd:element name="street_address" type="xsd:string"></xsd:element>
			<xsd:element name="street_address_detail" type="xsd:string"></xsd:element>
			<xsd:element name="city" type="xsd:string"></xsd:element>
			<xsd:element name="state" type="xsd:string"></xsd:element>
			<xsd:element name="zipcode" type="xsd:string"></xsd:element>
		</xsd:sequence>
	</xsd:complexType>
	<!-- contactType contains the elements "home_phone", "work_phone", "cell_phone", "fax_number", and "email_address" -->
	<!-- we use xsd:sequence to declare the order in which they will appear -->
	<!-- each of these elements is type "xsd:string" -->
	<xsd:complexType name="contactType">
		<xsd:sequence>
			<xsd:element name="home_phone" type="xsd:string"></xsd:element>
			<xsd:element name="work_phone" type="xsd:string"></xsd:element>
			<xsd:element name="cell_phone" type="xsd:string"></xsd:element>
			<xsd:element name="fax_number" type="xsd:string"></xsd:element>
			<xsd:element name="email_address" type="xsd:string"></xsd:element>
		</xsd:sequence>
	</xsd:complexType>
	<!-- commentsType contains the element misc_comments of type string -->
	<xsd:complexType name="commentsType">
		<xsd:sequence>
			<xsd:element name="misc_comments" type="xsd:string"></xsd:element>
		</xsd:sequence>
	</xsd:complexType>
</xsd:schema>