<?xml version="1.0"?>
<!--Generated 5/15/2002 11:37:45 AM by EditML Pro, Version 2.5-->
<xsd:schema name="address_book_nested" xmlns:xsd="http://www.w3.org/2000/08/XMLSchema"><xsd:complexType name="nameType"><xsd:element name="first_name" type="xsd:string" minOccurs="0" maxOccurs="unbounded"/><xsd:element name="middle_name" type="xsd:string" minOccurs="0" maxOccurs="unbounded"/><xsd:element name="last_name" type="xsd:string" minOccurs="0" maxOccurs="unbounded"/><xsd:element name="nick_name" type="xsd:string" minOccurs="0" maxOccurs="unbounded"/></xsd:complexType><xsd:complexType name="addressType"><xsd:element name="street_address" type="xsd:string" minOccurs="0" maxOccurs="unbounded"/><xsd:element name="street_address_detail" type="xsd:string" minOccurs="0" maxOccurs="unbounded"/><xsd:element name="city" type="xsd:string" minOccurs="0" maxOccurs="unbounded"/><xsd:element name="state" type="xsd:string" minOccurs="0" maxOccurs="unbounded"/><xsd:element name="zipcode" type="xsd:string" minOccurs="0" maxOccurs="unbounded"/></xsd:complexType><xsd:complexType name="contactType"><xsd:element name="home_phone" type="xsd:string" minOccurs="0" maxOccurs="unbounded"/><xsd:element name="work_phone" type="xsd:string" minOccurs="0" maxOccurs="unbounded"/><xsd:element name="cell_phone" type="xsd:string" minOccurs="0" maxOccurs="unbounded"/><xsd:element name="e-mail" type="xsd:string" minOccurs="0" maxOccurs="unbounded"/></xsd:complexType><xsd:complexType name="other_infoType"><xsd:element name="birth_date" type="xsd:string" minOccurs="0" maxOccurs="unbounded"/><xsd:element name="anniversary" type="xsd:string" minOccurs="0" maxOccurs="unbounded"/><xsd:element name="personal_website" type="xsd:string" minOccurs="0" maxOccurs="unbounded"/></xsd:complexType><xsd:complexType name="recordType"><xsd:attribute name="ID" type="xsd:string"/><xsd:element name="name" type="nameType" minOccurs="0" maxOccurs="unbounded"/><xsd:element name="address" type="addressType" minOccurs="0" maxOccurs="unbounded"/><xsd:element name="contact" type="contactType" minOccurs="0" maxOccurs="unbounded"/><xsd:element name="other_info" type="other_infoType" minOccurs="0" maxOccurs="unbounded"/><xsd:element name="comments" type="xsd:string" minOccurs="0" maxOccurs="unbounded"/></xsd:complexType><xsd:complexType name="address_bookType"><xsd:element name="record" type="recordType" minOccurs="0" maxOccurs="unbounded"/></xsd:complexType><xsd:element name="address_book" type="address_bookType" minOccurs="0" maxOccurs="unbounded"/></xsd:schema>
